img0_28.png,0
img1_28.png,0
img2_28.png,0
img3_28.png,0
img4_28.png,0
img5_28.png,1
img6_28.png,1
img7_28.png,1
img8_28.png,1
img9_28.png,1
img10_28.png,2
img11_28.png,2
img12_28.png,2
img13_28.png,2
img14_28.png,2
img15_28.png,3
img16_28.png,3
img17_28.png,3
img18_28.png,3
img19_28.png,3
img20_28.png,4
img21_28.png,4
img22_28.png,4
img23_28.png,4
img24_28.png,4
img25_28.png,5
img26_28.png,5
img27_28.png,5
img28_28.png,5
img29_28.png,5
img30_28.png,6
img31_28.png,6
img32_28.png,6
img33_28.png,6
img34_28.png,6
img35_28.png,7
img36_28.png,7
img37_28.png,7
img38_28.png,7
img39_28.png,7
img40_28.png,8
img41_28.png,8
img42_28.png,8
img43_28.png,8
img44_28.png,8
img45_28.png,9
img46_28.png,9
img47_28.png,9
img48_28.png,9
img49_28.png,9
img50_t.png,other
img51_t.png,other
img52_t.png,other
img53_t.png,other
img54_t.png,other
img55_t.png,other
img56_t.png,other
img57_t.png,other
img58_t.png,other
img59_t.png,other
