img0_t.png,0
img1_t.png,0
img2_t.png,0
img3_t.png,0
img4_t.png,0
img5_t.png,1
img6_t.png,1
img7_t.png,1
img8_t.png,1
img9_t.png,1
img10_t.png,2
img11_t.png,2
img12_t.png,2
img13_t.png,2
img14_t.png,2
img15_t.png,3
img16_t.png,3
img17_t.png,3
img18_t.png,3
img19_t.png,3
img20_t.png,4
img21_t.png,4
img22_t.png,4
img23_t.png,4
img24_t.png,4
img25_t.png,5
img26_t.png,5
img27_t.png,5
img28_t.png,5
img29_t.png,5
img30_t.png,6
img31_t.png,6
img32_t.png,6
img33_t.png,6
img34_t.png,6
img35_t.png,7
img36_t.png,7
img37_t.png,7
img38_t.png,7
img39_t.png,7
img40_t.png,8
img41_t.png,8
img42_t.png,8
img43_t.png,8
img44_t.png,8
img45_t.png,9
img46_t.png,9
img47_t.png,9
img48_t.png,9
img49_t.png,9
img50_t.png,other
img51_t.png,other
img52_t.png,other
img53_t.png,other
img54_t.png,other
img55_t.png,other
img56_t.png,other
img57_t.png,other
img58_t.png,other
img59_t.png,other
